{
	"credit": "Made by Brosiyeah",
	"textures": {
		"1": "space:item/portable_generator"
	},
	"elements": [
		{
			"from": [3, 0, 5],
			"to": [13, 6, 11],
			"faces": {
				"north": {"uv": [6, 10, 16, 16], "texture": "#1"},
				"east": {"uv": [0, 3, 6, 9], "texture": "#1"},
				"south": {"uv": [6, 10, 16, 16], "texture": "#1"},
				"west": {"uv": [0, 10, 6, 16], "texture": "#1"},
				"up": {"uv": [6, 5, 16, 11], "texture": "#1"},
				"down": {"uv": [6, 5, 16, 11], "texture": "#1"}
			}
		},
		{
			"from": [3, 6, 7],
			"to": [4, 7, 9],
			"faces": {
				"north": {"uv": [0, 1, 1, 2], "texture": "#1"},
				"east": {"uv": [7, 1, 8, 2], "texture": "#1"},
				"south": {"uv": [0, 1, 1, 2], "texture": "#1"},
				"west": {"uv": [0, 1, 1, 2], "texture": "#1"},
				"up": {"uv": [0, 1, 0, 1], "texture": "#1"},
				"down": {"uv": [0, 1, 0, 1], "texture": "#1"}
			}
		},
		{
			"from": [12, 6, 7],
			"to": [13, 7, 9],
			"faces": {
				"north": {"uv": [7, 1, 8, 2], "texture": "#1"},
				"east": {"uv": [7, 0, 8, 2], "rotation": 90, "texture": "#1"},
				"south": {"uv": [7, 1, 8, 2], "texture": "#1"},
				"west": {"uv": [7, 0, 8, 2], "rotation": 90, "texture": "#1"},
				"up": {"uv": [0, 1, 0, 1], "texture": "#1"},
				"down": {"uv": [0, 1, 0, 1], "texture": "#1"}
			}
		},
		{
			"from": [3, 7, 7],
			"to": [13, 8, 9],
			"faces": {
				"north": {"uv": [0, 0, 8, 1], "rotation": 180, "texture": "#1"},
				"east": {"uv": [7, 0, 8, 1], "texture": "#1"},
				"south": {"uv": [0, 0, 8, 1], "texture": "#1"},
				"west": {"uv": [0, 0, 1, 1], "texture": "#1"},
				"up": {"uv": [0, 0, 8, 2], "texture": "#1"},
				"down": {"uv": [0, 0, 8, 1], "texture": "#1"}
			}
		}
	],
	"display": {
		"thirdperson_righthand": {
			"rotation": [90, 90, 0],
			"translation": [0, -2, 1.25]
		},
		"thirdperson_lefthand": {
			"rotation": [90, 90, 0],
			"translation": [0, -2, 1.25]
		},
		"firstperson_righthand": {
			"rotation": [0, -90, 25],
			"translation": [1.13, 3.2, 1.13],
			"scale": [0.68, 0.68, 0.68]
		},
		"firstperson_lefthand": {
			"rotation": [0, -90, 25],
			"translation": [1.13, 3.2, 1.13],
			"scale": [0.68, 0.68, 0.68]
		},
		"ground": {
			"translation": [0, 2, 0],
			"scale": [0.5, 0.5, 0.5]
		},
		"gui": {
			"rotation": [30, 225, 0],
			"translation": [0, 3, 0]
		},
		"head": {
			"translation": [0, 14.4, 0]
		},
		"fixed": {
			"translation": [0, 4.5, 0]
		}
	}
}