{
	"credit": "Made by OLLIEZ4",
	"textures": {
		"0": "space:item/raincoat",
		"particle": "space:item/raincoat"
	},
	"elements": [
		{
			"from": [1, 2, 7],
			"to": [3, 13, 8],
			"faces": {
				"north": {"uv": [13, 3, 15, 14], "texture": "#0"},
				"east": {"uv": [13, 3, 14, 14], "texture": "#0"},
				"south": {"uv": [1, 3, 3, 14], "texture": "#0"},
				"west": {"uv": [14, 3, 15, 14], "texture": "#0"},
				"up": {"uv": [14, 3, 15, 4], "texture": "#0"},
				"down": {"uv": [13, 13, 15, 14], "texture": "#0"}
			}
		},
		{
			"from": [13, 2, 7],
			"to": [15, 13, 8],
			"faces": {
				"north": {"uv": [1, 3, 3, 14], "texture": "#0"},
				"east": {"uv": [1, 3, 2, 14], "texture": "#0"},
				"south": {"uv": [13, 3, 15, 14], "texture": "#0"},
				"west": {"uv": [1, 3, 2, 14], "texture": "#0"},
				"up": {"uv": [1, 3, 2, 4], "texture": "#0"},
				"down": {"uv": [1, 13, 3, 14], "texture": "#0"}
			}
		},
		{
			"from": [5, 1, 7],
			"to": [11, 14, 8],
			"faces": {
				"north": {"uv": [5, 2, 11, 15], "texture": "#0"},
				"east": {"uv": [5, 2, 6, 15], "texture": "#0"},
				"south": {"uv": [5, 2, 11, 15], "texture": "#0"},
				"west": {"uv": [10, 2, 11, 15], "texture": "#0"},
				"up": {"uv": [5, 2, 11, 3], "texture": "#0"},
				"down": {"uv": [5, 14, 11, 15], "texture": "#0"}
			}
		},
		{
			"from": [2, 13, 7],
			"to": [3, 14, 8],
			"faces": {
				"north": {"uv": [13, 2, 14, 3], "texture": "#0"},
				"east": {"uv": [0, 0, 1, 1], "texture": "#missing"},
				"south": {"uv": [2, 2, 3, 3], "texture": "#0"},
				"west": {"uv": [13, 2, 14, 3], "texture": "#0"},
				"up": {"uv": [13, 2, 14, 3], "texture": "#0"},
				"down": {"uv": [0, 0, 1, 1], "texture": "#missing"}
			}
		},
		{
			"from": [3, 3, 7],
			"to": [5, 14, 8],
			"faces": {
				"north": {"uv": [11, 2, 13, 13], "texture": "#0"},
				"east": {"uv": [0, 0, 1, 12], "texture": "#missing"},
				"south": {"uv": [3, 2, 5, 13], "texture": "#0"},
				"west": {"uv": [0, 0, 1, 12], "texture": "#missing"},
				"up": {"uv": [11, 2, 13, 3], "texture": "#0"},
				"down": {"uv": [11, 12, 13, 13], "texture": "#0"}
			}
		},
		{
			"from": [11, 3, 7],
			"to": [13, 14, 8],
			"faces": {
				"north": {"uv": [3, 2, 5, 13], "texture": "#0"},
				"east": {"uv": [0, 0, 1, 12], "texture": "#missing"},
				"south": {"uv": [11, 2, 13, 13], "texture": "#0"},
				"west": {"uv": [0, 0, 1, 12], "texture": "#missing"},
				"up": {"uv": [3, 2, 5, 3], "texture": "#0"},
				"down": {"uv": [3, 12, 5, 13], "texture": "#0"}
			}
		},
		{
			"from": [13, 13, 7],
			"to": [14, 14, 8],
			"faces": {
				"north": {"uv": [2, 2, 3, 3], "texture": "#0"},
				"east": {"uv": [2, 2, 3, 3], "texture": "#0"},
				"south": {"uv": [13, 2, 14, 3], "texture": "#0"},
				"west": {"uv": [0, 0, 1, 1], "texture": "#missing"},
				"up": {"uv": [2, 2, 3, 3], "texture": "#0"},
				"down": {"uv": [0, 0, 1, 1], "texture": "#missing"}
			}
		},
		{
			"from": [15, 3, 7],
			"to": [16, 12, 8],
			"faces": {
				"north": {"uv": [0, 4, 1, 13], "texture": "#0"},
				"east": {"uv": [0, 4, 1, 13], "texture": "#0"},
				"south": {"uv": [15, 4, 16, 13], "texture": "#0"},
				"west": {"uv": [0, 0, 1, 10], "texture": "#missing"},
				"up": {"uv": [0, 4, 1, 5], "texture": "#0"},
				"down": {"uv": [0, 12, 1, 13], "texture": "#0"}
			}
		},
		{
			"from": [0, 3, 7],
			"to": [1, 12, 8],
			"faces": {
				"north": {"uv": [15, 4, 16, 13], "texture": "#0"},
				"east": {"uv": [0, 0, 1, 10], "texture": "#missing"},
				"south": {"uv": [0, 4, 1, 13], "texture": "#0"},
				"west": {"uv": [15, 4, 16, 13], "texture": "#0"},
				"up": {"uv": [15, 4, 16, 5], "texture": "#0"},
				"down": {"uv": [15, 12, 16, 13], "texture": "#0"}
			}
		}
	],
	"gui_light": "front",
	"display": {
		"thirdperson_righthand": {
			"translation": [0, 3, 1],
			"scale": [0.55, 0.55, 0.55]
		},
		"firstperson_righthand": {
			"rotation": [0, -90, 25],
			"translation": [1.13, 3.2, 1.13],
			"scale": [0.68, 0.68, 0.68]
		},
		"ground": {
			"translation": [0, 2, 0],
			"scale": [0.5, 0.5, 0.5]
		},
		"head": {
			"rotation": [0, 180, 0],
			"translation": [0, 13, 7]
		},
		"fixed": {
			"rotation": [0, 180, 0]
		}
	},
	"groups": [
		{
			"name": "group",
			"origin": [8, 8, 8],
			"color": 0,
			"children": [0, 1, 2, 3, 4, 5, 6, 7, 8]
		}
	]
}