{
	"credit": "Made by OLLIEZ4",
	"textures": {
		"0": "space:item/rogue_helmet",
		"particle": "space:item/rogue_helmet"
	},
	"elements": [
		{
			"from": [3, 4, 8],
			"to": [13, 12, 9],
			"faces": {
				"north": {"uv": [3, 4, 13, 12], "texture": "#0"},
				"east": {"uv": [4, 4, 3, 12], "texture": "#0"},
				"south": {"uv": [3, 4, 13, 12], "texture": "#0"},
				"west": {"uv": [13, 4, 12, 12], "texture": "#0"},
				"up": {"uv": [3, 4, 13, 5], "texture": "#0"},
				"down": {"uv": [3, 11, 13, 12], "texture": "#0"}
			}
		},
		{
			"from": [4, 12, 8],
			"to": [12, 13, 9],
			"faces": {
				"north": {"uv": [4, 3, 12, 4], "texture": "#0"},
				"east": {"uv": [4, 3, 5, 4], "texture": "#0"},
				"south": {"uv": [4, 3, 12, 4], "texture": "#0"},
				"west": {"uv": [11, 3, 12, 4], "texture": "#0"},
				"up": {"uv": [4, 3, 12, 4], "texture": "#0"},
				"down": {"uv": [0, 0, 8, 1], "texture": "#missing"}
			}
		},
		{
			"from": [5, 3, 8],
			"to": [11, 4, 9],
			"faces": {
				"north": {"uv": [5, 12, 11, 13], "texture": "#0"},
				"east": {"uv": [5, 12, 6, 13], "texture": "#0"},
				"south": {"uv": [5, 12, 11, 13], "texture": "#0"},
				"west": {"uv": [5, 12, 6, 13], "texture": "#0"},
				"up": {"uv": [0, 0, 6, 1], "texture": "#missing"},
				"down": {"uv": [5, 12, 11, 13], "texture": "#0"}
			}
		}
	],
	"gui_light": "front",
	    "display": {
        "ground": {
            "rotation": [ 0, 0, 0 ],
            "translation": [ 0, 2, 0],
            "scale":[ 0.5, 0.5, 0.5 ]
        },
        "head": {
            "rotation": [ 0, 180, 0 ],
            "translation": [ 0, 13, 7],
            "scale":[ 1, 1, 1]
        },
        "thirdperson_righthand": {
            "rotation": [ 0, 0, 0 ],
            "translation": [ 0, 3, 1 ],
            "scale": [ 0.55, 0.55, 0.55 ]
        },
        "firstperson_righthand": {
            "rotation": [ 0, -90, 25 ],
            "translation": [ 1.13, 3.2, 1.13],
            "scale": [ 0.68, 0.68, 0.68 ]
        },
        "fixed": {
            "rotation": [ 0, 180, 0 ],
            "scale": [ 1, 1, 1 ]
        }
    },
	"groups": [
		{
			"name": "group",
			"origin": [8, 8, 8],
			"color": 0,
			"children": [0, 1, 2]
		}
	]
}